{
    "loss": 1.1152547597885132,
    "accuracy": 0.8275862336158752
}